,layer_type,energy_function,flow_length,kl
0,radialflow,u1,2,0.6974758505821228
0,radialflow,u1,8,0.7188268899917603
0,radialflow,u1,32,0.7262667417526245
