function, flow, length, var
u1, planar, 32, -0.6717222929000854
u1, planar, 8, -1.123721957206726
u1, planar, 2, -0.9344192743301392S